{
  "AD": 0.657913,
  "AE": 0.633379,
  "AF": 0.187925,
  "AG": 0.706075,
  "AI": 1.0,
  "AL": 0.426243,
  "AM": 0.372455,
  "AO": 0.254204,
  "AQ": 1.0,
  "AR": 0.459253,
  "AS": 1.0,
  "AT": 0.793561,
  "AU": 0.904686,
  "AW": 0.755766,
  "AX": 1.0,
  "AZ": 0.29032,
  "BA": 0.407688,
  "BB": 1.118819,
  "BD": 0.268838,
  "BE": 0.77579,
  "BF": 0.340904,
  "BG": 0.423801,
  "BH": 0.447073,
  "BI": 0.16206,
  "BJ": 0.334955,
  "BL": 1.0,
  "BM": 1.160513,
  "BN": 0.37128,
  "BO": 0.357576,
  "BQ": 1.0,
  "BR": 0.460311,
  "BS": 0.957705,
  "BT": 0.236214,
  "BV": 1.0,
  "BW": 0.374681,
  "BY": 0.251971,
  "BZ": 0.558524,
  "CA": 0.829209,
  "CC": 1.0,
  "CD": 0.378677,
  "CF": 0.408493,
  "CG": 0.353277,
  "CH": 1.105002,
  "CI": 0.354075,
  "CK": 1.0,
  "CL": 0.482427,
  "CM": 0.315187,
  "CN": 0.490803,
  "CO": 0.368185,
  "CR": 0.618277,
  "CU": 1.0,
  "CV": 0.468208,
  "CW": 0.685702,
  "CX": 1.0,
  "CY": 0.631192,
  "CZ": 0.55816,
  "DE": 0.771786,
  "DJ": 0.449636,
  "DK": 0.903633,
  "DM": 0.488495,
  "DO": 0.394887,
  "DZ": 0.320814,
  "EC": 0.434002,
  "EE": 0.63182,
  "EG": 0.174843,
  "EH": 1.0,
  "ER": 0.327594,
  "ES": 0.620048,
  "ET": 0.355396,
  "FI": 0.829889,
  "FJ": 0.392234,
  "FK": 1.0,
  "FM": 0.958535,
  "FO": 0.91824,
  "FR": 0.752596,
  "GA": 0.382099,
  "GB": 0.868302,
  "GD": 0.588659,
  "GE": 0.323518,
  "GF": 1.0,
  "GG": 1.0,
  "GH": 0.299707,
  "GI": 1.0,
  "GL": 0.74199,
  "GM": 0.263704,
  "GN": 0.374969,
  "GP": 1.0,
  "GQ": 0.383987,
  "GR": 0.5616,
  "GS": 1.0,
  "GT": 0.428017,
  "GU": 1.0,
  "GW": 0.315454,
  "GY": 0.373986,
  "HK": 0.719358,
  "HM": 1.0,
  "HN": 0.457711,
  "HR": 0.492666,
  "HT": 0.673049,
  "HU": 0.489353,
  "ID": 0.29945,
  "IE": 0.818115,
  "IL": 0.972813,
  "IM": 1.0,
  "IN": 0.241661,
  "IO": 1.0,
  "IQ": 0.419903,
  "IR": 0.258731,
  "IS": 1.0568,
  "IT": 0.661102,
  "JE": 1.0,
  "JM": 0.601916,
  "JO": 0.426752,
  "JP": 0.628342,
  "KE": 0.333285,
  "KG": 0.302053,
  "KH": 0.329724,
  "KI": 0.618161,
  "KM": 0.439965,
  "KN": 0.64064,
  "KP": 1.0,
  "KR": 0.615309,
  "KW": 0.623865,
  "KY": 1.127586,
  "KZ": 0.343159,
  "LA": 0.217002,
  "LB": 0.276562,
  "LC": 0.514436,
  "LI": 1.0,
  "LK": 0.288856,
  "LR": 0.448974,
  "LS": 0.324103,
  "LT": 0.54005,
  "LU": 0.912081,
  "LV": 0.532692,
  "LY": 0.452809,
  "MA": 0.387517,
  "MC": 1.0,
  "MD": 0.406994,
  "ME": 0.387523,
  "MF": 1.0,
  "MG": 0.289348,
  "MH": 0.910775,
  "MK": 0.35017,
  "ML": 0.328282,
  "MM": 0.226639,
  "MN": 0.350381,
  "MO": 0.569488,
  "MP": 1.0,
  "MQ": 1.0,
  "MR": 0.286437,
  "MS": 1.0,
  "MT": 0.62863,
  "MU": 0.382331,
  "MV": 0.497897,
  "MW": 0.273399,
  "MX": 0.551148,
  "MY": 0.306418,
  "MZ": 0.380822,
  "NA": 0.377623,
  "NC": 1.0,
  "NE": 0.35868,
  "NF": 1.0,
  "NG": 0.125306,
  "NI": 0.326973,
  "NL": 0.810021,
  "NO": 0.859234,
  "NP": 0.252293,
  "NR": 0.936834,
  "NU": 1.0,
  "NZ": 0.884805,
  "OM": 0.485991,
  "PA": 0.461368,
  "PE": 0.474788,
  "PF": 1.0,
  "PG": 0.629325,
  "PH": 0.337865,
  "PK": 0.236163,
  "PL": 0.496698,
  "PM": 1.0,
  "PN": 1.0,
  "PR": 0.783264,
  "PS": 0.593054,
  "PT": 0.569862,
  "PW": 0.906896,
  "PY": 0.346373,
  "QA": 0.604836,
  "RE": 1.0,
  "RO": 0.41206,
  "RS": 0.424375,
  "RU": 0.314081,
  "RW": 0.269386,
  "SA": 0.492077,
  "SB": 0.748266,
  "SC": 0.537292,
  "SD": 0.465034,
  "SE": 0.812655,
  "SG": 0.601729,
  "SH": 1.0,
  "SI": 0.603024,
  "SJ": 1.0,
  "SK": 0.554206,
  "SL": 0.248435,
  "SM": 0.714558,
  "SN": 0.341263,
  "SO": 0.397925,
  "SR": 0.336738,
  "SS": 0.666367,
  "ST": 0.52088,
  "SV": 0.420661,
  "SX": 0.768514,
  "SY": 0.182228,
  "SZ": 0.334014,
  "TC": 0.988207,
  "TD": 0.343049,
  "TF": 1.0,
  "TG": 0.322047,
  "TH": 0.297275,
  "TJ": 0.248096,
  "TK": 1.0,
  "TL": 0.282269,
  "TM": 0.420016,
  "TN": 0.301038,
  "TO": 0.61937,
  "TR": 0.352209,
  "TT": 0.536205,
  "TV": 1.031501,
  "TW": 1.0,
  "TZ": 0.280929,
  "UA": 0.29053,
  "UG": 0.32747,
  "UM": 1.0,
  "US": 1.0,
  "UY": 0.65645,
  "UZ": 0.266169,
  "VA": 1.0,
  "VC": 0.540672,
  "VE": 0.62504,
  "VG": 1.0,
  "VI": 0.890103,
  "VN": 0.287894,
  "VU": 0.983456,
  "WF": 1.0,
  "WS": 0.625059,
  "XK": 1.0,
  "YE": 0.435717,
  "YT": 1.0,
  "ZA": 0.404553,
  "ZM": 0.2924,
  "ZW": 0.677362
}